timestamp_utc,participant_id,task,demo_index,step_index,step_name,outcome,time_sec,reset_count_step,first_reset_reason,reset_count_total_demo
2026-02-27T18:35:29.431309+00:00,P01,Isaac-Assembly-Stable-GR1T2-Abs-v0,0,0,TableTop,success,1.96377372741699,0,,0
2026-02-27T18:35:29.431309+00:00,P01,Isaac-Assembly-Stable-GR1T2-Abs-v0,0,1,TableTop,success,2.28002405166626,0,,0
2026-02-27T18:35:29.431309+00:00,P01,Isaac-Assembly-Stable-GR1T2-Abs-v0,0,2,FrontRightLeg,success,46.5870275497437,0,,0
2026-02-27T18:35:29.431309+00:00,P01,Isaac-Assembly-Stable-GR1T2-Abs-v0,0,3,FrontLeftLeg,success,52.9374327659607,0,,0
2026-02-27T18:35:29.431309+00:00,P01,Isaac-Assembly-Stable-GR1T2-Abs-v0,0,4,TableTop,success,10.6962797641754,0,,0
2026-02-27T18:35:29.431309+00:00,P01,Isaac-Assembly-Stable-GR1T2-Abs-v0,0,5,BackRightLeg,success,47.820643901825,0,,0
2026-02-27T18:35:29.431309+00:00,P01,Isaac-Assembly-Stable-GR1T2-Abs-v0,0,6,BackLeftLeg,success,65.5366849899292,0,,0
2026-02-27T18:48:31.248137+00:00,P01,Isaac-Assembly-Stable-GR1T2-Abs-v0,1,0,TableTop,success,2.56561422348022,0,,0
2026-02-27T18:48:31.248137+00:00,P01,Isaac-Assembly-Stable-GR1T2-Abs-v0,1,1,TableTop,success,0.993009090423584,0,,0
2026-02-27T18:48:31.248137+00:00,P01,Isaac-Assembly-Stable-GR1T2-Abs-v0,1,2,FrontRightLeg,success,71.8023788928986,0,,0
2026-02-27T18:48:31.248137+00:00,P01,Isaac-Assembly-Stable-GR1T2-Abs-v0,1,3,FrontLeftLeg,success,53.0455324649811,0,,0
2026-02-27T18:48:31.248137+00:00,P01,Isaac-Assembly-Stable-GR1T2-Abs-v0,1,4,TableTop,success,16.6371047496796,0,,0
2026-02-27T18:48:31.248137+00:00,P01,Isaac-Assembly-Stable-GR1T2-Abs-v0,1,5,BackRightLeg,success,49.5921587944031,0,,0
2026-02-27T18:48:31.248137+00:00,P01,Isaac-Assembly-Stable-GR1T2-Abs-v0,1,6,BackLeftLeg,success,67.4463698863983,0,,0
2026-02-27T18:56:57.698203+00:00,P01,Isaac-Assembly-Stable-GR1T2-Abs-v0,2,0,TableTop,success,2.47788310050964,0,,0
2026-02-27T18:56:57.698203+00:00,P01,Isaac-Assembly-Stable-GR1T2-Abs-v0,2,1,TableTop,success,2.83132171630859,0,,0
2026-02-27T18:56:57.698203+00:00,P01,Isaac-Assembly-Stable-GR1T2-Abs-v0,2,2,FrontRightLeg,success,44.9085502624512,0,,0
2026-02-27T18:56:57.698203+00:00,P01,Isaac-Assembly-Stable-GR1T2-Abs-v0,2,3,FrontLeftLeg,success,40.689905166626,0,,0
2026-02-27T18:56:57.698203+00:00,P01,Isaac-Assembly-Stable-GR1T2-Abs-v0,2,4,TableTop,success,17.5244209766388,0,,0
2026-02-27T18:56:57.698203+00:00,P01,Isaac-Assembly-Stable-GR1T2-Abs-v0,2,5,BackRightLeg,success,51.3712151050568,0,,0
2026-02-27T18:56:57.698203+00:00,P01,Isaac-Assembly-Stable-GR1T2-Abs-v0,2,6,BackLeftLeg,success,68.41952085495,0,,0
2026-02-27T19:07:05.156783+00:00,P01,Isaac-Assembly-Stable-GR1T2-Abs-v0,3,0,TableTop,success,2.55256724357605,0,,0
2026-02-27T19:07:05.156783+00:00,P01,Isaac-Assembly-Stable-GR1T2-Abs-v0,3,1,TableTop,success,5.64288377761841,0,,0
2026-02-27T19:07:05.156783+00:00,P01,Isaac-Assembly-Stable-GR1T2-Abs-v0,3,2,FrontRightLeg,success,63.0844559669495,0,,0
2026-02-27T19:07:05.156783+00:00,P01,Isaac-Assembly-Stable-GR1T2-Abs-v0,3,3,FrontLeftLeg,success,50.7569179534912,0,,0
2026-02-27T19:07:05.156783+00:00,P01,Isaac-Assembly-Stable-GR1T2-Abs-v0,3,4,TableTop,success,14.4156830310822,0,,0
2026-02-27T19:07:05.156783+00:00,P01,Isaac-Assembly-Stable-GR1T2-Abs-v0,3,5,BackRightLeg,success,91.6222333908081,0,,0
2026-02-27T19:07:05.156783+00:00,P01,Isaac-Assembly-Stable-GR1T2-Abs-v0,3,6,BackLeftLeg,success,62.8890798091888,0,,0
2026-02-27T19:17:09.831501+00:00,P01,Isaac-Assembly-Stable-GR1T2-Abs-v0,4,0,TableTop,success,12.6420338153839,0,,0
2026-02-27T19:17:09.831501+00:00,P01,Isaac-Assembly-Stable-GR1T2-Abs-v0,4,1,TableTop,success,3.31587362289429,0,,0
2026-02-27T19:17:09.831501+00:00,P01,Isaac-Assembly-Stable-GR1T2-Abs-v0,4,2,FrontRightLeg,success,54.9515824317932,0,,0
2026-02-27T19:17:09.831501+00:00,P01,Isaac-Assembly-Stable-GR1T2-Abs-v0,4,3,FrontLeftLeg,success,90.8590481281281,0,,0
2026-02-27T19:17:09.831501+00:00,P01,Isaac-Assembly-Stable-GR1T2-Abs-v0,4,4,TableTop,success,13.4736657142639,0,,0
2026-02-27T19:17:09.831501+00:00,P01,Isaac-Assembly-Stable-GR1T2-Abs-v0,4,5,BackRightLeg,success,59.4223611354828,0,,0
2026-02-27T19:17:09.831501+00:00,P01,Isaac-Assembly-Stable-GR1T2-Abs-v0,4,6,BackLeftLeg,success,54.1848068237305,0,,0
2026-02-27T19:25:27.210842+00:00,P01,Isaac-Assembly-Stable-GR1T2-Abs-v0,5,0,TableTop,success,5.59934782981873,0,,0
2026-02-27T19:25:27.210842+00:00,P01,Isaac-Assembly-Stable-GR1T2-Abs-v0,5,1,TableTop,success,1.34590339660645,0,,0
2026-02-27T19:25:27.210842+00:00,P01,Isaac-Assembly-Stable-GR1T2-Abs-v0,5,2,FrontRightLeg,success,58.015783071518,0,,0
2026-02-27T19:25:27.210842+00:00,P01,Isaac-Assembly-Stable-GR1T2-Abs-v0,5,3,FrontLeftLeg,success,71.6331384181976,0,,0
2026-02-27T19:25:27.210842+00:00,P01,Isaac-Assembly-Stable-GR1T2-Abs-v0,5,4,TableTop,success,12.3499250411987,0,,0
2026-02-27T19:25:27.210842+00:00,P01,Isaac-Assembly-Stable-GR1T2-Abs-v0,5,5,BackRightLeg,success,45.5506508350372,0,,0
2026-02-27T19:25:27.210842+00:00,P01,Isaac-Assembly-Stable-GR1T2-Abs-v0,5,6,BackLeftLeg,success,43.3099687099457,0,,0
2026-02-27T19:34:33.987842+00:00,P01,Isaac-Assembly-Stable-GR1T2-Abs-v0,6,0,TableTop,success,3.3354926109314,0,,0
2026-02-27T19:34:33.987842+00:00,P01,Isaac-Assembly-Stable-GR1T2-Abs-v0,6,1,TableTop,success,4.03592371940613,0,,0
2026-02-27T19:34:33.987842+00:00,P01,Isaac-Assembly-Stable-GR1T2-Abs-v0,6,2,FrontRightLeg,success,52.673921585083,0,,0
2026-02-27T19:34:33.987842+00:00,P01,Isaac-Assembly-Stable-GR1T2-Abs-v0,6,3,FrontLeftLeg,success,61.1572318077087,0,,0
2026-02-27T19:34:33.987842+00:00,P01,Isaac-Assembly-Stable-GR1T2-Abs-v0,6,4,TableTop,success,18.7965605258942,0,,0
2026-02-27T19:34:33.987842+00:00,P01,Isaac-Assembly-Stable-GR1T2-Abs-v0,6,5,BackRightLeg,success,54.478678226471,0,,0
2026-02-27T19:34:33.987842+00:00,P01,Isaac-Assembly-Stable-GR1T2-Abs-v0,6,6,BackLeftLeg,success,60.0747437477112,0,,0
2026-02-27T19:43:44.924788+00:00,P01,Isaac-Assembly-Stable-GR1T2-Abs-v0,7,0,TableTop,success,2.47283506393433,0,,0
2026-02-27T19:43:44.924788+00:00,P01,Isaac-Assembly-Stable-GR1T2-Abs-v0,7,1,TableTop,success,3.46358966827393,0,,0
2026-02-27T19:43:44.924788+00:00,P01,Isaac-Assembly-Stable-GR1T2-Abs-v0,7,2,FrontRightLeg,success,38.8811659812927,0,,0
2026-02-27T19:43:44.924788+00:00,P01,Isaac-Assembly-Stable-GR1T2-Abs-v0,7,3,FrontLeftLeg,success,44.9318978786469,0,,0
2026-02-27T19:43:44.924788+00:00,P01,Isaac-Assembly-Stable-GR1T2-Abs-v0,7,4,TableTop,success,12.4404036998749,0,,0
2026-02-27T19:43:44.924788+00:00,P01,Isaac-Assembly-Stable-GR1T2-Abs-v0,7,5,BackRightLeg,success,70.2871084213257,0,,0
2026-02-27T19:43:44.924788+00:00,P01,Isaac-Assembly-Stable-GR1T2-Abs-v0,7,6,BackLeftLeg,success,66.0251727104187,0,,0
2026-02-27T16:03:38.327902+00:00,P01,Isaac-Assembly-Stable-GR1T2-Abs-v0,8,0,TableTop,success,3.30178332328796,0,,0
2026-02-27T16:03:38.327902+00:00,P01,Isaac-Assembly-Stable-GR1T2-Abs-v0,8,1,TableTop,success,0.871155023574829,0,,0
2026-02-27T16:03:38.327902+00:00,P01,Isaac-Assembly-Stable-GR1T2-Abs-v0,8,2,FrontRightLeg,success,41.7492079734802,0,,0
2026-02-27T16:03:38.327902+00:00,P01,Isaac-Assembly-Stable-GR1T2-Abs-v0,8,3,FrontLeftLeg,success,75.3981921672821,0,,0
2026-02-27T16:03:38.327902+00:00,P01,Isaac-Assembly-Stable-GR1T2-Abs-v0,8,4,TableTop,success,12.0047647953033,0,,0
2026-02-27T16:03:38.327902+00:00,P01,Isaac-Assembly-Stable-GR1T2-Abs-v0,8,5,BackRightLeg,success,69.2288012504578,0,,0
2026-02-27T16:03:38.327902+00:00,P01,Isaac-Assembly-Stable-GR1T2-Abs-v0,8,6,BackLeftLeg,success,116.281780719757,0,,0
2026-02-27T16:12:39.745063+00:00,P01,Isaac-Assembly-Stable-GR1T2-Abs-v0,9,0,TableTop,success,3.76864290237427,0,,0
2026-02-27T16:12:39.745063+00:00,P01,Isaac-Assembly-Stable-GR1T2-Abs-v0,9,1,TableTop,success,4.07666039466858,0,,0
2026-02-27T16:12:39.745063+00:00,P01,Isaac-Assembly-Stable-GR1T2-Abs-v0,9,2,FrontRightLeg,success,49.0027165412903,0,,0
2026-02-27T16:12:39.745063+00:00,P01,Isaac-Assembly-Stable-GR1T2-Abs-v0,9,3,FrontLeftLeg,success,64.2926509380341,0,,0
2026-02-27T16:12:39.745063+00:00,P01,Isaac-Assembly-Stable-GR1T2-Abs-v0,9,4,TableTop,success,15.2725729942322,0,,0
2026-02-27T16:12:39.745063+00:00,P01,Isaac-Assembly-Stable-GR1T2-Abs-v0,9,5,BackRightLeg,success,62.8575963973999,0,,0
2026-02-27T16:12:39.745063+00:00,P01,Isaac-Assembly-Stable-GR1T2-Abs-v0,9,6,BackLeftLeg,success,62.3500008583069,0,,0
